0.6m,0.6m,0.3m,0.3m,0.9m,0.9m,1.4m,1.4m,1.8m,1.8m,2.1m,2.1m
2.249097455,0.003094935,1.194671731,0.003324352,1.353516352,0.003218982,0.473063309,0.002970155,0.899674577,0.001653325,0.344385817,0.001954271
3.168883452,0.003412948,1.988894837,0.003072553,2.329276168,0.003004283,0.740829956,0.001960443,1.898126482,0.001693765,1.240055908,0.002042277
3.168883452,0.004205647,3.168883452,0.004471435,3.311519438,0.003462242,1.663641565,0.003105893,2.857677663,0.001778617,2.289863593,0.002074194
4.802713841,0.003995815,6.436544231,0.004625312,4.379128185,0.003331346,1.807358127,0.002170275,3.895030291,0.002015762,3.259651807,0.002427796
6.255007521,0.004003445,7.88883791,0.004576351,5.51070701,0.003811163,2.65452944,0.002974632,4.893482196,0.002059509,4.204710561,0.002564019
6.515966541,0.004688261,8.478832218,0.004583345,6.355861249,0.003758005,3.441188517,0.004919077,5.891934101,0.002094608,5.256555616,0.002476333
7.556020609,0.004485053,15.44076504,0.003122913,7.344227781,0.003855927,3.452534561,0.003667369,6.890386006,0.001992871,6.255007521,0.0022523
8.206527153,0.003198453,16.22818052,0.003497463,7.629499753,0.002958644,4.332368729,0.003499848,7.88883791,0.002042286,7.253459426,0.002210715
8.388063863,0.004669998,17.02921126,0.003047373,8.376717818,0.003510869,4.621177131,0.002764799,8.887289815,0.001989056,8.25191133,0.002258023
10.70265691,0.003156486,17.49212987,0.003509004,9.286670577,0.003668477,5.36245203,0.004324552,9.88574172,0.001994143,9.250363235,0.002532712
11.83726135,0.003848932,18.55411962,0.003765,10.36551731,0.003522194,5.87378043,0.00247663,10.88419362,0.001965184,10.22720363,0.002898692
13.09289026,0.003221767,20.64179178,0.003618117,11.32593295,0.003087661,6.351448898,0.003801102,11.88264553,0.001953902,11.30459443,0.003023961
14.92986888,0.002730827,22.28210563,0.003660083,12.24571895,0.002440725,6.69977246,0.00469036,12.88109743,0.001906268,12.26173689,0.002939248
16.05798986,0.003519305,23.30649135,0.003612122,12.3364873,0.003624476,7.162691071,0.001783039,13.87954934,0.001941367,13.24417085,0.002935209
16.33029492,0.00268341,23.95483674,0.003844736,13.3000283,0.00304298,7.687130455,0.003004474,14.87800124,0.001898801,14.24262276,0.002847461
17.16666048,0.00342627,24.69106895,0.004989021,13.98847136,0.002657325,7.695955156,0.00436452,15.87645315,0.001931829,15.24107466,0.002938479
17.97320215,0.003583145,25.01001887,0.005564311,14.98821996,0.002834023,8.161142975,0.001794484,16.87490505,0.001989056,16.23952657,0.00298099
18.73565633,0.003754508,25.77020384,0.00494006,15.97154381,0.003009245,8.43344804,0.004994616,17.87335696,0.00207655,17.23797847,0.002851276
20.0064133,0.002516498,25.79495885,0.00634212,16.88787196,0.003276007,8.656877837,0.003608894,18.87180886,0.002162935,18.25458405,0.003034783
20.14256583,0.003587596,26.72327157,0.004564693,17.55154188,0.002897057,9.15959488,0.001809745,19.89414718,0.002189181,19.23488228,0.002927578
21.1319409,0.003542577,27.6763393,0.005012002,18.2666865,0.003444256,9.652337379,0.004229628,20.83694375,0.002314942,20.23333419,0.003103074
22.13946964,0.003630834,27.6763393,0.006888002,18.85884195,0.002778788,10.15804678,0.001771594,21.88318252,0.002656798,21.23178609,0.003076368
22.92396757,0.002661168,27.6763393,0.007996616,19.34834273,0.003186912,10.60363689,0.00399963,22.78619417,0.00279183,22.230238,0.003091629
23.13792155,0.003641199,27.85787601,0.005800372,20.22036728,0.00261392,11.15649869,0.001771594,23.80355615,0.002765599,23.2286899,0.003125965
23.50099497,0.002624911,28.85632791,0.005460825,20.29617382,0.00353361,11.18675481,0.003178169,24.49339565,0.002183211,24.22714181,0.003137411
23.95483674,0.003795975,29.8264147,0.004989895,21.17343501,0.003499479,11.44276812,0.004676963,25.40713042,0.002123932,25.22559371,0.003179377
24.86252029,0.002736822,30.74733531,0.006052171,22.15243655,0.003452792,11.76594336,0.003767141,26.33498472,0.002156869,26.22404562,0.003191585
25.8609722,0.003797428,30.85971517,0.004889101,22.71433589,0.002671249,12.13893265,0.00214333,27.42672632,0.001981426,27.1424078,0.003193515
26.87757777,0.004025191,31.83518029,0.004964858,23.24519324,0.003540606,12.6178692,0.003318057,27.6763393,0.002955047,28.22094943,0.003331982
27.85787601,0.003306802,32.64842807,0.004928403,23.79805504,0.002901236,13.21624213,0.001883012,28.72284504,0.002697906,29.21940133,0.003400655
28.7857303,0.00295598,33.3039773,0.006160584,24.22714181,0.003446143,13.64128241,0.002963241,29.72211837,0.002699467,30.21785323,0.003557075
29.66315773,0.004016809,33.3039773,0.008800972,24.92087138,0.002812162,14.15883659,0.001920664,30.59389356,0.002705763,31.21630514,0.00354563
30.07035466,0.003046324,33.34936148,0.007730828,25.80802399,0.003782735,14.78723289,0.002872386,31.69175843,0.002574932,32.21475704,0.003633378
30.57487543,0.00495209,33.34936148,0.010878311,25.83828011,0.002743816,15.15030631,0.001790669,32.60575919,0.002672258,33.21320895,0.003740201
30.73977128,0.004069081,33.34936148,0.009955049,26.76865575,0.003925871,15.78568479,0.002852293,33.66705072,0.002688007,34.21166085,0.003747831
31.57181453,0.005012502,33.39474566,0.014599335,27.73685153,0.003550171,16.14875821,0.001775409,34.59490502,0.002581663,35.21011276,0.00384321
31.93420031,0.00453334,33.39474566,0.013676074,28.59227451,0.002934255,16.7841367,0.002809309,35.65891185,0.002590733,36.20856466,0.003915697
32.41142181,0.005632506,33.39474566,0.012752812,29.57680173,0.003175246,17.18212102,0.001956676,36.43548555,0.002233224,37.20701657,0.003778353
32.92577582,0.004830273,33.39474566,0.017173277,29.6732431,0.004303097,17.92781797,0.002905887,36.66240644,0.002854164,38.20546847,0.003923327
33.3039773,0.005673274,33.41289933,0.015863924,30.35051468,0.003181902,18.11843152,0.001831146,37.65387616,0.002772332,39.20392038,0.003930958
33.39474566,0.006406554,33.41743775,0.011665182,31.02871721,0.004189584,19.14411393,0.001794484,38.6472078,0.002581946,40.20237228,0.003908067
33.47038595,0.00768653,33.48551401,0.021313966,31.55101345,0.003198734,19.23488228,0.002961914,39.69017942,0.002479161,41.20082419,0.004121714
33.54098356,0.009390834,33.48551401,0.020390704,31.98434507,0.004508651,20.10726703,0.001736,40.66053636,0.002526488,42.19927609,0.004198017
33.55034855,0.010986225,33.48551401,0.017704852,32.42871102,0.003103179,20.4148709,0.002938479,41.71750559,0.002776336,43.17678145,0.004137855
33.70595145,0.012113323,33.50366768,0.022511408,32.95387079,0.004635432,21.17883788,0.001592304,42.63950261,0.002923133,44.1961799,0.004022521
33.79412642,0.014714044,33.59443604,0.024131313,33.11545841,0.003602099,21.44736094,0.003229927,43.58873014,0.002942158,45.25136203,0.004056142
33.79412642,0.013790782,33.68974281,0.019527594,33.82764089,0.003114059,22.16972576,0.001754652,44.64497899,0.002777739,46.19308371,0.00400726
33.82383243,0.01287744,33.68974281,0.018600136,33.95750946,0.004335743,22.42085154,0.003002359,45.78113502,0.002644567,47.19153562,0.003969109
33.83562053,0.016627713,34.07550832,0.025073459,34.64734896,0.003761303,22.79754022,0.001283734,46.07962327,0.002999112,48.18998752,0.003904252
33.84210398,0.017925675,34.11264083,0.027187996,35.57318618,0.00381664,23.2286899,0.00186186,46.68430069,0.002621003,49.18843942,0.003976739
33.86155434,0.015650495,34.1208925,0.028646902,35.57318618,0.002970816,23.39207294,0.002999702,47.70821702,0.002920828,50.18689133,0.004056857
34.10273883,0.01907016,34.1208925,0.029746423,36.57163808,0.003643892,23.77330003,0.000995215,48.59577546,0.002707363,51.18534323,0.003965294
34.28730115,0.01984514,34.15114862,0.025839347,37.48630381,0.003009652,24.19921308,0.001919744,49.68312696,0.00268856,52.22010248,0.004079748
34.5293501,0.017374716,34.57473427,0.023636109,37.57008999,0.004596789,24.4313706,0.003260037,50.6407331,0.002682529,53.18224704,0.004018706
34.5293501,0.016096138,34.64281054,0.022565965,37.6406876,0.003526265,25.14437992,0.001961799,51.58875815,0.00254331,54.18069895,0.003847025
34.5293501,0.015172877,34.84703934,0.019166683,38.56854189,0.002899051,25.38618388,0.003471683,52.63763691,0.002810072,55.17915085,0.003957664
34.57473427,0.014235626,34.93780769,0.021730832,38.60888338,0.00431097,25.89122831,0.001240019,53.71389027,0.002697853,56.17760276,0.004091193
34.57473427,0.013312365,35.40980314,0.020379513,38.87110308,0.003385903,26.11233072,0.001973647,54.64887257,0.00267008,57.17605466,0.004121714
34.58770118,0.012263204,35.62764719,0.019653494,39.5669938,0.00437325,26.37835182,0.003721701,55.63299263,0.002641566,58.17450657,0.004049227
34.66550263,0.011415482,36.40660471,0.018802338,39.619942,0.002894196,27.13172917,0.001646239,56.6818714,0.002912466,59.17295847,0.004014891
34.66550263,0.01049222,37.02547986,0.020385617,39.80299152,0.00341853,27.40403423,0.003692264,57.67795027,0.002922174,60.17141038,0.004159866
34.66550263,0.009568958,37.2588842,0.021100137,40.62828533,0.004608284,27.94864436,0.003147993,58.64268019,0.002834878,61.15284322,0.004368267
34.75627098,0.008313695,37.79701088,0.021551776,40.67436773,0.002736822,28.13018107,0.0017983,59.64408946,0.002774791,62.16831419,0.004636757
35.1193444,0.007263951,38.31136489,0.020264805,40.7888755,0.00341634,28.90520318,0.003211178,60.62020947,0.002625494,63.16676609,0.004777917
35.63802072,0.006166079,38.64534589,0.019474975,41.51851343,0.005222074,29.08627441,0.001971301,61.60101197,0.002456786,64.165218,0.004896186
36.24347557,0.005325828,39.74853051,0.020088037,41.54876955,0.004282119,29.8868157,0.003193823,62.66105668,0.002661063,65.21254517,0.005040134
37.12921512,0.004736223,40.5654457,0.018893901,41.74543432,0.003074436,30.14653524,0.001938068,63.62060787,0.002640299,66.16212181,0.00515943
37.92559938,0.00417767,40.70159823,0.019814165,42.48065799,0.003059963,30.87484323,0.003230858,64.65990553,0.002597633,66.41792353,0.006059165
38.73711169,0.00340229,41.26890045,0.020457151,42.52743861,0.004416248,31.12553678,0.001809745,65.61751168,0.002649509,67.32193967,0.007026725
38.84084696,0.004564269,42.0479955,0.019624817,43.11830569,0.003654838,31.77388218,0.003272772,66.67469605,0.002618246,67.47413712,0.005483716
39.83929886,0.004522303,42.81952652,0.018467242,43.4791099,0.002809843,32.13582804,0.002216255,67.63577275,0.002805298,67.964522,0.006819557
39.83929886,0.003461697,43.27453199,0.017835056,43.56080142,0.004572472,32.97721123,0.003159484,68.15902561,0.00240109,68.44645874,0.005758405
40.61082988,0.003492218,43.74233813,0.016040183,44.06351846,0.00359986,33.06697104,0.001814248,68.6344789,0.003222134,68.71119977,0.005051271
40.85869731,0.004473587,43.74233813,0.015019,44.74079003,0.004659648,33.93935579,0.003067572,69.59530135,0.003329838,68.72632783,0.004425971
41.83620267,0.004802715,43.74233813,0.014095738,44.83155839,0.003005407,34.15871265,0.001862055,70.58960045,0.003117628,69.73839499,0.004994616
43.35657262,0.003759754,43.74233813,0.01725721,44.83155839,0.003733525,34.93780769,0.002815285,71.67478656,0.003360599,70.6854115,0.004842138
43.41708485,0.004765588,43.80285036,0.012836745,45.77706208,0.004666404,35.0921139,0.001841818,72.41946528,0.004129452,71.69899146,0.004610051
43.92387484,0.004149692,43.83310648,0.011409886,46.03947573,0.003339686,35.9362596,0.003043804,72.8335959,0.009031788,72.67150955,0.005122914
44.37771661,0.004712042,43.87849066,0.010332747,46.73769384,0.004416624,36.11779631,0.001936734,72.87898007,0.005829748,73.16943881,0.005363921
45.45396996,0.004853196,44.07137341,0.009278341,46.97369156,0.003237908,36.92772932,0.003083667,72.94381461,0.007101332,73.87743198,0.004590975
46.36763824,0.004656876,44.17967656,0.007986442,47.75883783,0.004361523,37.16667508,0.002142297,72.99767715,0.008079472,74.91219123,0.004658085
47.45816766,0.004641049,44.21887199,0.006802321,48.11318353,0.003255791,37.95985998,0.002914082,73.9201465,0.007898694,75.86735361,0.004528466
48.2864289,0.00452892,44.31417876,0.005888501,48.7724178,0.004279671,38.84084696,0.002384558,74.73065452,0.00737831,76.93519094,0.004829898
48.91613436,0.003744016,44.58950944,0.005268797,49.18843942,0.003522527,38.93161531,0.003223923,76.18008183,0.007803717,77.8712396,0.004549009
49.32459196,0.004673899,45.38221974,0.005548573,49.73304955,0.004480682,39.90586232,0.002862783,76.47340693,0.00681596,78.87617496,0.004681933
50.23227551,0.00362651,46.46538878,0.005685918,50.18689133,0.003590866,40.51357807,0.003296089,77.35083436,0.007120916,79.90785456,0.004631359
50.57265684,0.004642798,47.46384068,0.005724069,50.78985254,0.00445824,40.91036545,0.002552636,78.13656248,0.00751454,80.82877516,0.004394496
51.36687994,0.004529388,48.23032901,0.005870316,51.27043857,0.003764475,41.63449522,0.003017397,78.18892884,0.010175373,81.09855889,0.003711376
52.0204121,0.003567757,48.91613436,0.006297974,51.91149007,0.004886012,41.8880703,0.002160699,78.23431302,0.00880397,81.94626101,0.003898503
52.54686856,0.004743581,49.73304955,0.005567649,52.15786132,0.003941858,42.58958002,0.002987688,78.54443823,0.00628998,82.98830561,0.003834069
53.20818086,0.003624112,50.7678088,0.005575618,52.96867444,0.004710161,42.91245602,0.002049971,78.90599884,0.007101332,83.91489923,0.004180445
53.61663846,0.004608825,51.72995336,0.005617246,53.30932274,0.004247614,43.56080142,0.001805167,79.36891745,0.006625712,84.95117129,0.004529933
54.54377237,0.004518488,52.69814915,0.005646495,53.88894352,0.004826151,43.91319621,0.002525297,80.33333123,0.006839041,85.96907355,0.004451451
55.5087833,0.004814161,53.76316452,0.005871715,54.48326013,0.004242951,44.79373824,0.002445621,81.31438586,0.006533486,86.96968661,0.004621315
56.49024931,0.004937595,54.69127095,0.00545275,54.99761414,0.005507179,44.83155839,0.001765598,82.20542855,0.006725732,87.946527,0.004598606
57.09436314,0.004524592,55.04299832,0.005317758,55.45145592,0.004602421,45.86026641,0.003079548,82.81811494,0.007430768,88.9449789,0.004331546
57.62422342,0.0051664,56.17760276,0.005430304,56.10498807,0.005044616,46.00549578,0.002045264,83.07529195,0.006954449,89.96936463,0.004358525
58.52461308,0.005177237,57.17605466,0.005693548,57.05735758,0.004964364,46.91923055,0.001913464,84.00857683,0.007543593,90.86408127,0.004478429
58.79173138,0.0045148,58.17450657,0.005258623,57.97695191,0.00501634,46.96965741,0.003025924,85.04193964,0.007490475,91.97815477,0.004810663
59.63285147,0.005378003,59.17295847,0.005197581,59.08219012,0.005323004,47.99777218,0.002156697,86.04039155,0.007425618,92.90853041,0.004993684
59.88095164,0.004730228,59.89910531,0.005179269,59.96317709,0.005061022,48.06896305,0.002923339,87.12393878,0.007198379,93.21109159,0.006637793
60.46532696,0.006419988,59.98987367,0.00617807,60.28811255,0.014379511,48.93126242,0.001930833,88.02027629,0.007208871,93.75570172,0.006429868
60.57079114,0.007957447,60.39833126,0.007127561,60.29518541,0.004518464,49.19751626,0.00282624,88.95931075,0.006893708,93.8010859,0.007143298
60.6454229,0.00500301,60.59499603,0.008346336,60.35294709,0.016283589,49.91458626,0.00180593,89.85871368,0.006746016,93.91908476,0.00499042
60.77653274,0.010318759,60.62525215,0.009682268,60.35294709,0.015360327,50.16873766,0.00285173,90.79816615,0.006954449,94.850595,0.004683015
60.86264631,0.00930457,60.76140468,0.010836345,60.38925443,0.018986227,50.98678746,0.002032229,91.87225835,0.007903065,95.45004434,0.004005887
60.98184212,0.011190062,60.89755722,0.011843539,60.38925443,0.018062966,51.38957203,0.002684364,92.53681238,0.008054569,96.22460097,0.003618117
60.98832557,0.012497017,60.94294139,0.014151693,60.40481472,0.013372317,51.72995336,0.002778788,92.90247918,0.007009005,96.84182579,0.004293077
61.04883781,0.006541779,60.94294139,0.013228432,60.41648494,0.020362727,51.92661813,0.001973266,93.90379746,0.006570125,97.91159569,0.004325551
61.07909393,0.014330051,60.94294139,0.012494019,60.44371544,0.017159288,52.90994198,0.001963113,94.70574383,0.006782387,98.430272,0.003953849
61.10935005,0.01336832,60.95806945,0.015242821,60.48497379,0.006208591,53.45455211,0.003034402,95.6294199,0.007515001,98.8387296,0.00460471
61.1244781,0.00800361,61.89600912,0.021007378,60.88459031,0.00910373,53.90839388,0.001879943,96.50900849,0.006642498,99.8371815,0.004605952
61.16986228,0.015284787,62.89446103,0.021336348,60.91357516,0.010717851,54.41896588,0.002932103,97.43938412,0.006541779,100.7448651,0.005208179
61.21524646,0.016536786,62.97226247,0.020392703,60.98832557,0.005380707,54.90684579,0.002028606,98.55345762,0.006960444,,
61.26063064,0.01832036,63.63357477,0.019955053,61.00345363,0.012221237,55.509807,0.002914922,99.21576738,0.005061117,,
61.26063064,0.017550975,63.89291293,0.02123353,61.07909393,0.007594437,56.02632217,0.002088718,99.31850519,0.006651025,,
61.41191123,0.019656291,64.02906546,0.023132512,61.07909393,0.006522195,56.44990782,0.003345789,99.62538867,0.006122115,,
61.61073715,0.021274378,64.02906546,0.022028794,61.07909393,0.013144499,56.89078269,0.002161282,99.8371815,0.00487711,,
61.70690838,0.022968143,64.07444964,0.024013807,61.21524646,0.019187666,57.44835973,0.003110196,100.5633283,0.007124222,,
61.71447241,0.023903168,64.48290724,0.026259011,61.21524646,0.018264405,57.99296986,0.002294457,,,,
61.72354925,0.024769203,64.5023576,0.025251817,61.21524646,0.01725721,58.47706775,0.003249567,,,,
61.73968584,0.026218794,65.33695494,0.025181237,61.21524646,0.014634307,59.02924191,0.002200584,,,,
61.74472853,0.022107998,65.82325328,0.024005414,61.21524646,0.013711046,59.47930167,0.003144945,,,,
61.74851054,0.020753539,66.23019807,0.022429574,61.23469682,0.015902293,59.99685585,0.002464186,,,,
62.27042859,0.027276698,66.76724417,0.021318629,61.25585335,0.021681553,60.68932393,0.003388536,,,,
62.30446672,0.029817166,66.96996016,0.020664885,61.33538105,0.023377398,61.24045989,0.002360456,,,,
62.30446672,0.028567166,67.77779852,0.01843227,61.41191123,0.020373218,61.66454982,0.003721967,,,,
62.61567251,0.025518603,67.78586682,0.019518735,61.5329357,0.024792094,62.17739102,0.002942457,,,,
62.64808978,0.023408291,67.94345077,0.021013206,61.55108937,0.026149899,62.7091423,0.004146907,,,,
62.73767932,0.02044675,68.3859465,0.022335149,61.65396017,0.024223639,63.25753445,0.003643297,,,,
62.81503872,0.024375767,68.47671486,0.0244597,62.15763556,0.027257642,63.62060787,0.005197581,,,,
63.07599774,0.021411888,68.54025271,0.025415486,62.23185203,0.022044182,63.77188846,0.004103063,,,,
63.11871226,0.022556831,68.5901753,0.023300377,62.42246558,0.023703255,64.61905977,0.005159615,,,,
63.21215027,0.017928673,69.32086056,0.024752416,62.53138761,0.022740825,64.61905977,0.003973597,,,,
63.22349631,0.016989674,69.53705428,0.023395756,62.54435451,0.025674079,65.36336028,0.007011803,,,,
63.30291862,0.016089144,70.17610017,0.021509809,62.57028833,0.024604335,65.53499499,0.003968455,,,,
63.39368698,0.024223639,70.65515538,0.020152894,62.66754014,0.027522201,65.60843484,0.004803769,,,,
63.43907116,0.019436503,71.80186226,0.01932036,62.71292432,0.026867525,65.70222881,0.005912096,,,,
63.64077861,0.014799842,72.19821741,0.019026795,63.30291862,0.024475438,65.70828003,0.003534184,,,,
63.68868413,0.022943663,72.51590665,0.020110928,63.32813206,0.02208269,65.94816783,0.008372201,,,,
63.74919637,0.02086749,73.28743767,0.020278794,63.48445533,0.023535389,66.23473649,0.005239141,,,,
63.84752875,0.021990425,73.64143426,0.017290783,63.68868413,0.022649898,66.27882398,0.007269197,,,,
64.02906546,0.013941861,74.28588958,0.017309668,63.79647155,0.021068287,66.66134776,0.006223971,,,,
64.02906546,0.0130186,74.92126806,0.01823293,64.41936939,0.022024598,66.84288447,0.009237498,,,,
64.29569751,0.011822556,75.46587819,0.019208649,64.78663212,0.021001908,67.22108595,0.006028856,,,,
64.58880365,0.010878311,75.91971997,0.017970639,65.34520661,0.021006212,67.30473522,0.008127922,,,,
65.19203501,0.010196356,76.14664085,0.016785088,65.37546273,0.019705252,67.33076438,0.007210744,,,,
65.72340809,0.011074155,76.14664085,0.020110928,65.92612408,0.018963845,67.95328401,0.009462084,,,,
66.07833563,0.009925996,76.55812406,0.015321158,65.97049972,0.017639571,68.10715798,0.008108526,,,,
66.43442687,0.010773395,76.71394307,0.014330051,66.29827434,0.019775196,68.7944041,0.009325553,,,,
66.73973861,0.011757699,77.32662947,0.013815962,66.86406375,0.018328753,68.94249984,0.010521617,,,,
67.17872738,0.013242421,77.44765394,0.014795179,67.16057371,0.017273997,69.47516676,0.010836345,,,,
67.28159818,0.011088143,77.55355036,0.011827802,68.01530905,0.018481231,69.57501195,0.01217153,,,,
67.29672624,0.011927472,77.59195235,0.010600687,68.15902561,0.017446059,69.70208765,0.00924162,,,,
67.52364713,0.014813282,78.19473927,0.009144008,68.41998464,0.016470339,69.82311212,0.013120018,,,,
67.96992488,0.015578552,78.19473927,0.007210473,68.72956956,0.016004212,70.0550757,0.013917381,,,,
68.49184292,0.014576021,78.5325519,0.005350731,68.91110627,0.018228433,70.66709858,0.012045273,,,,
68.5901753,0.016629212,79.32353328,0.005107926,69.29363005,0.015977234,71.071177,0.013313064,,,,
68.91542857,0.01536872,79.87822878,0.005800372,69.38893682,0.017097738,71.16136351,0.014663899,,,,
69.18584263,0.017480157,80.04400709,0.008942609,69.9199317,0.019180552,71.41843473,0.012041926,,,,
69.36170632,0.016596239,80.11775638,0.006419377,70.29208196,0.017940663,71.93725839,0.01637095,,,,
70.00464883,0.018315114,80.38249742,0.010094938,70.79698093,0.020383335,72.02235372,0.013664046,,,,
70.33746613,0.017760807,80.61698234,0.008077051,70.91233238,0.019030853,72.03483437,0.017592102,,,,
70.75786694,0.019488147,80.73951961,0.013983828,70.92746044,0.01790769,72.092321,0.018054572,,,,
71.05453614,0.018414435,80.74989314,0.016441862,71.55635547,0.020212846,72.10744906,0.014952844,,,,
71.75085909,0.019984814,80.77582696,0.015276394,71.56283893,0.019439465,72.51590665,0.013532688,,,,
72.01365509,0.019148808,80.85650994,0.012642767,71.68297351,0.02146126,72.92738986,0.016749043,,,,
72.75477075,0.020276585,80.98761978,0.011745618,72.17377978,0.022874257,73.07564484,0.017998117,,,,
72.87898007,0.019481431,81.02543993,0.01090454,72.37975412,0.02090829,73.23600227,0.019090055,,,,
73.75114557,0.020661966,81.47603998,0.010077951,72.51590665,0.023899898,73.96121815,0.019265788,,,,
74.37665793,0.021600737,81.67216446,0.019957488,72.81090381,0.024975538,74.02266135,0.016636107,,,,
74.60963004,0.02032076,81.8391134,0.021729633,73.01925844,0.025650498,74.31917131,0.018031218,,,,
75.18060622,0.019627381,81.86504722,0.013799175,73.77016029,0.025600901,74.73468866,0.015648341,,,,
75.82895161,0.020453654,81.86504722,0.023132512,74.20160467,0.02409774,74.98682298,0.017201669,,,,
76.01616134,0.019286171,81.87153067,0.012497017,74.30533994,0.024820162,75.14062492,0.014586263,,,,
76.53107153,0.018091602,81.88521796,0.01603552,75.09086157,0.025939846,75.70490153,0.015688598,,,,
76.57953608,0.021350552,81.91043139,0.014613324,75.62796454,0.025140905,75.83307744,0.014186575,,,,
76.78201934,0.020538986,81.92555945,0.011297976,76.19706772,0.025631846,76.33952361,0.014501064,,,,
77.13811058,0.019646069,81.99770866,0.008905888,76.45928741,0.025174878,76.8014697,0.013581057,,,,
77.22073305,0.01816998,82.04658393,0.017483829,77.00894023,0.027601937,77.03919634,0.011430869,,,,
77.28124529,0.021327955,82.04658393,0.020698458,77.09517016,0.026259011,77.25531147,0.012638104,,,,
77.56003381,0.016834548,82.18273646,0.010374714,77.67673598,0.024007812,77.5384223,0.013576598,,,,
78.01041774,0.01581916,82.18273646,0.007961644,77.7441639,0.024934271,77.9821787,0.012321024,,,,
78.50661808,0.015578552,82.26303154,0.018623195,78.22674899,0.026370922,78.17380078,0.010075353,,,,
78.62575155,0.016719515,82.65927032,0.019439465,78.72553,0.024922257,78.48567154,0.01127215,,,,
79.17830391,0.017802774,83.15395786,0.018860328,78.8449365,0.024128261,78.63709759,0.008800972,,,,
79.74495778,0.018687067,83.89977117,0.019967543,78.93020374,0.026349939,78.98315195,0.0079427,,,,
80.28567784,0.019238026,84.82258278,0.020761408,79.74711893,0.025708785,79.07915694,0.009897864,,,,
80.61590176,0.020474637,85.54116559,0.018348337,80.09855538,0.026741625,79.2781491,0.011262304,,,,
80.7959977,0.016945726,85.86641886,0.020817363,80.72777312,0.025583845,79.55045416,0.008470487,,,,
80.86659531,0.02162172,86.50248499,0.019939247,80.82121113,0.026951458,79.74533916,0.007167984,,,,
81.56551164,0.020243122,86.63038585,0.021244022,81.3443235,0.024183881,79.80763117,0.010013802,,,,
81.59274215,0.023594142,86.70602615,0.017131311,81.85294477,0.025407093,80.41275354,0.008219271,,,,
81.88773931,0.021663686,87.37166075,0.018698058,82.25837675,0.025846341,80.66803954,0.006765163,,,,
82.0647376,0.01834041,87.78011835,0.017812566,82.59119406,0.025062968,80.70018666,0.0058899,,,,
82.32714066,0.019637852,87.98283434,0.016831251,83.18118836,0.023573159,81.6461353,0.006895339,,,,
82.40058051,0.022696061,88.12806371,0.01586952,83.31166787,0.026335076,81.68351051,0.006117452,,,,
82.5004257,0.020488626,88.23179897,0.01474815,84.1872043,0.025594543,81.71376662,0.005417778,,,,
82.81811494,0.021957451,88.23698574,0.012825554,84.24977945,0.026505087,81.88773931,0.008045576,,,,
82.88165279,0.018591743,88.24908818,0.011605729,85.08732382,0.027640906,82.22812064,0.006010204,,,,
82.9088833,0.023457751,88.26421624,0.013847437,85.22347635,0.026493642,82.53219463,0.005025158,,,,
83.2064018,0.022544981,88.3549846,0.010668479,85.57358286,0.025503615,82.57984801,0.015148396,,,,
83.46862149,0.019705252,88.3549846,0.009745217,86.19824955,0.024134232,82.68196241,0.012425074,,,,
83.8052208,0.021512607,88.37767669,0.007982627,86.38531129,0.026053376,82.68196241,0.011501813,,,,
84.15694818,0.020269701,88.83908249,0.00882895,86.67577003,0.02520985,82.68196241,0.009553371,,,,
84.55027772,0.019436259,88.87366091,0.00528645,86.77352057,0.023406908,82.69204778,0.007040314,,,,
84.98417796,0.020788931,89.39882068,0.00500301,87.08422763,0.022510009,82.70213316,0.016520466,,,,
85.132708,0.018294926,89.98881499,0.003806966,87.58345358,0.023002797,82.71826975,0.013698456,,,,
85.28398859,0.02020885,90.03419916,0.009157687,87.62127373,0.023845941,82.78281614,0.010519265,,,,
85.92826593,0.017331268,90.94188271,0.00487711,88.55164937,0.023314366,82.82315763,0.008612123,,,,
86.1311599,0.019363925,91.84956626,0.003730028,88.5592134,0.024144952,82.95426748,0.007800772,,,,
86.2997297,0.016453852,93.66493336,0.003744016,89.17189979,0.023887907,83.25682866,0.006541779,,,,
86.92712855,0.017471521,94.02800678,0.005786383,89.48454635,0.022519335,83.55938984,0.014879112,,,,
87.4870122,0.016737875,94.07339096,0.010626512,90.1703517,0.022503015,83.55938984,0.017086236,,,,
87.53394357,0.015857057,94.07339096,0.009703251,90.35455806,0.021093436,83.79063303,0.016309967,,,,
88.09780759,0.016823557,94.09608305,0.007869317,90.99964439,0.019956415,84.32184402,0.015113791,,,,
88.17344789,0.01549462,94.1339032,0.008612123,91.43203183,0.018840744,84.47917584,0.017063605,,,,
88.22891744,0.010584546,95.616453,0.006104629,92.39951571,0.0190198,84.60970938,0.013725856,,,,
88.36254863,0.013078052,97.6133568,0.004653289,92.48494475,0.017159288,84.67886622,0.016501814,,,,
88.43667612,0.014374116,98.97488213,0.005296775,92.63622534,0.017827254,85.04193964,0.015343074,,,,
88.49113713,0.012014203,99.58504718,0.007105994,93.12788726,0.019743722,85.10245188,0.012218439,,,,
88.65452017,0.009678071,100.3039902,0.006016199,93.70682645,0.019112127,85.26886053,0.013962844,,,,
89.03574726,0.014571358,100.5633283,0.004555368,94.20129182,0.019973583,85.48973019,0.011108427,,,,
89.08113144,0.013522197,100.8810176,0.003744016,94.3910802,0.009227631,85.64101078,0.012914523,,,,
89.08113144,0.012598935,102.7304228,0.004808915,94.43142169,0.018353,86.06832027,0.010075261,,,,
89.17838325,0.011537784,103.4225315,0.004163681,94.48184856,0.017131311,86.10846781,0.012289083,,,,
89.19252896,0.008636922,104.4512395,0.004982026,94.595309,0.010290781,86.29000452,0.008911134,,,,
89.65599769,0.010675473,105.2378986,0.005168252,94.595309,0.008150493,86.40346497,0.011095392,,,,
89.94343081,0.009636104,106.4814251,0.005414281,94.60287303,0.01124202,86.97400891,0.01005092,,,,
90.10846418,0.008352694,107.7340284,0.005364387,94.64905342,0.007050874,86.99758511,0.008095046,,,,
90.60906541,0.007698188,108.2786385,0.004856127,94.78440974,0.016347937,87.4125955,0.007192999,,,,
91.55132738,0.006717638,109.2770904,0.005758405,94.96044534,0.015094031,87.70258705,0.009161621,,,,
91.61508135,0.005821355,110.457079,0.011969439,95.03294214,0.005521595,87.99493679,0.00614685,,,,
92.30340804,0.005697787,110.5175913,0.009619318,95.10714167,0.013652759,88.17344789,0.009199654,,,,
94.07339096,0.005831847,110.5478474,0.010846836,95.2079954,0.004509904,88.28865388,0.007460952,,,,
94.30031185,0.003848932,110.5478474,0.012612924,95.25337958,0.012626913,88.97674783,0.006381607,,,,
95.29876375,0.003534184,110.6386157,0.008766,95.4122242,0.011350434,89.90217247,0.005618517,,,,
95.66183717,0.005055468,111.1075856,0.006821555,95.54837673,0.010038982,89.91749699,0.004978229,,,,
96.9462094,0.003435213,111.431326,0.006018597,95.616453,0.009084246,90.01604549,0.006597454,,,,
97.84595071,0.003908472,112.2179851,0.006110924,95.72840063,0.007186819,90.78051675,0.010565894,,,,
98.88062268,0.004284917,112.6355196,0.007021214,95.72991344,0.008212422,90.87904308,0.006649385,,,,
100.0900362,0.005210843,113.3616664,0.005268797,95.96137274,0.005049173,90.97213883,0.011668679,,,,
100.3570366,0.005915371,114.3601183,0.004625312,95.98301751,0.005928854,90.98993655,0.007949122,,,,
100.8658895,0.004760537,115.70349,0.005967119,96.47875237,0.005758405,91.09672285,0.00542432,,,,
101.5496778,0.006023633,116.7200955,0.005968238,96.8547927,0.004522096,91.21418778,0.01376255,,,,
102.1744666,0.005034484,,,97.98837343,0.004549677,91.32764822,0.006060331,,,,
102.529976,0.006345936,,,98.92949795,0.004590626,91.61961976,0.0096002,,,,
102.7780762,0.005296775,,,99.92794986,0.005083793,91.66802955,0.005366719,,,,
103.5586841,0.006597734,,,99.96577,0.004012352,91.66802955,0.006369916,,,,
104.299959,0.005807366,,,100.3288434,0.003230705,91.67336887,0.012553795,,,,
105.0166508,0.006158429,,,100.8759749,0.004964833,91.80418209,0.007156537,,,,
106.1909664,0.005254808,,,101.1684507,0.002656802,91.98920989,0.008182774,,,,
106.8263448,0.006644946,,,101.2471166,0.003782348,92.01015643,0.011115583,,,,
107.2574945,0.005700102,,,101.6828047,0.004681267,92.12187133,0.01380446,,,,
108.0063334,0.005186136,,,102.0415558,0.002891698,92.39417639,0.012630676,,,,
108.4450472,0.004520395,,,103.1956106,0.003767331,92.65351455,0.011554604,,,,
109.5493955,0.005708809,,,103.7402208,0.002668149,92.72932109,0.009127404,,,,
110.5138093,0.005624637,,,104.5268798,0.003209943,92.90096638,0.010646913,,,,
110.6920089,0.002851489,,,105.5815217,0.003135503,93.12032323,0.011885506,,,,
111.3496345,0.004913481,,,106.3890064,0.003036945,93.51830756,0.009238392,,,,
111.7068895,0.003162481,,,107.4617233,0.002518596,93.61306573,0.008162483,,,,
112.1816778,0.005432,,,107.64326,0.003478229,93.75570172,0.010678471,,,,
112.4787378,0.003722761,,,108.7445827,0.003305034,93.88946561,0.006588899,,,,
112.499367,0.003072553,,,109.3905509,0.004048273,94.14903126,0.007415303,,,,
112.8715173,0.006337542,,,109.942725,0.002932665,94.43646438,0.009325553,,,,
113.6884325,0.005498214,,,110.7293841,0.004082546,94.82763277,0.006526688,,,,
114.0618794,0.006221235,,,110.8361704,0.003376604,94.89678961,0.007976346,,,,
114.487194,0.005523393,,,111.8065019,0.003443617,94.93569033,0.007437063,,,,
115.0045736,0.006345936,,,112.484239,0.003962009,95.11722704,0.003606263,,,,
115.861922,0.005844246,,,112.8533636,0.003122913,95.28363569,0.005111423,,,,
116.2497504,0.00619333,,,113.7247398,0.004635803,95.80101532,0.003044043,,,,
117.2586544,0.006231227,,,113.9970449,0.003282385,96.22460097,0.004244816,,,,
117.7639316,0.005884305,,,114.6778075,0.004611323,96.83426176,0.002241773,,,,
118.0453135,0.004259604,,,115.2859555,0.003374712,97.00319175,0.003583578,,,,
,,,,115.8253789,0.005308765,97.74950934,0.002361413,,,,
,,,,116.8471712,0.005372314,98.72980757,0.002685996,,,,
,,,,117.0377848,0.003261402,98.73787587,0.001975209,,,,
,,,,117.8456231,0.005257206,99.73279789,0.002136985,,,,
,,,,117.9908525,0.004407086,100.7650358,0.002225342,,,,
,,,,,,101.4369738,0.002286132,,,,